"","x"
"1",".verbena"
"2","3 lobed false mallow"
"3","86"
"4","89"
"5","a chillea millefolium"
"6","a chillea millefolium paprika yarrow"
"7","abelia"
"8","abelia grandiflora"
"9","abisacatthus quadrifdus"
"10","acanthus insignia"
"11","achillea"
"12","achillea filipendulina"
"13","achillea millefolium"
"14","achillea millefolium,"
"15","achillea millefolium, paprika yarrow"
"16","achillea x moonsjine"
"17","achilles millefolium"
"18","agapanthus praecox"
"19","agastache"
"20","agastache foeiculum"
"21","agastache scrophulariifolia"
"22","agastache urticifolia"
"23","ageratina havanensis"
"24","ageratina havenensis"
"25","ageratum"
"26","agstache urticifolia"
"27","aizoaceae"
"28","albizia julibrissin"
"29","allium"
"30","allium 'millenium'"
"31","allium 'millenium' ornamental onion"
"32","allium 'millenium' ornamental onions"
"33","allium ampeloprasum"
"34","allium hollandicum"
"35","aloysia vingate"
"36","aloysia virgata"
"37","aloyssia gratissima"
"38","amaranth, cat mint, rose moss, basil"
"39","amaranth, rose moss, milk weed, zinnia"
"40","amaranth, rose moss, zinnia, milk weed"
"41","amaryllis"
"42","amelia patens"
"43","amisacanthus quadrifdus"
"44","amistad salbia"
"45","amorpha"
"46","anethum graveolens"
"47","angelonia angustifolia serena"
"48","angus cadtus"
"49","anis hyssop agastache"
"50","anisacanthus"
"51","anisacanthus insignia"
"52","anisacanthus quadifidus"
"53","anisacanthus quadrafides"
"54","anisacanthus quadrifdus"
"55","anisacanthus quadrifides var wrightii"
"56","anisacanthus quadrifidus"
"57","anisacanthus quadrifidus var wrightii"
"58","anisacatthus quadrifdus"
"59","anisaccanthus quadrifidus"
"60","anisacunthus quadrifdus"
"61","anise sage"
"62","anise sage/black and blue salvia"
"63","antigonon leptopus"
"64","antirrhinum"
"65","ascelepias curassavica"
"66","ascelepias tuberosa"
"67","asclepias"
"68","asclepias curassavica"
"69","asclepias curassavica tropical milkweed"
"70","asclepias curassavucs"
"71","asclepias curassivica"
"72","asclepias incarnata"
"73","asclepias incarnata swamp milkwee"
"74","asclepias incarnata swamp milkweed"
"75","asclepias incarnata,"
"76","asclepias incarnata,  swamp milkweed"
"77","asclepias perrenis"
"78","asclepias tropical"
"79","asclepias tuberosa"
"80","asclepisa"
"81","asclepisas incarnata,"
"82","asclepisas incarnata,  ,"
"83","asclepisas incarnata,  swamp milkweed,"
"84","asclepius curassavica"
"85","asclepius currasavica"
"86","asclepius incarnata"
"87","asclepius tuberosa"
"88","asclepius virdis"
"89","aslcepias"
"90","asparagus aethiopicus"
"91","aster"
"92","aurantiacum"
"93","balloon flower"
"94","basel"
"95","basil"
"96","bat face cuphea"
"97","beautyberry"
"98","bee balm"
"99","bee balm/monarda"
"100","beebalm"
"101","berlandiera texana"
"102","berlsndiera  lyrata"
"103","bignoniaceae"
"104","bignonisceae"
"105","black  sage"
"106","black and blue salvia"
"107","black and blue salvia  guaranitica"
"108","black and blue salvia  salvia guaranitica"
"109","black and blue. salvia   salvia"
"110","black and blue. salvia   salvia guaranitica"
"111","black blue salvia"
"112","black eyed peas"
"113","black eyed susan"
"114","black foot daisy"
"115","black-eyed susan   rudbeckia"
"116","black-eyed susan (rudbeckia hurts)"
"117","blackfoot daisy"
"118","blackfoot daisy (melampodium leucanthum)"
"119","blue and black salvia"
"120","blue mist"
"121","blue mist flowers"
"122","blue salvia"
"123","bonariensis"
"124","bonariensis rigida"
"125","bottlebrush tree"
"126","bougainvillea"
"127","bougainvillea spectabilis"
"128","bronze fennel"
"129","buddleia"
"130","buddleia davidii"
"131","buddleia hybrid"
"132","buddleja davidii"
"133","buddlieia"
"134","bufflehead lochinch"
"135","bugleweed"
"136","bugleweed  ajuga reptans"
"137","bulb one frutescens"
"138","bulbine frutescens"
"139","bulbine frutescens"
"140","bumelia lanuginosa"
"141","butterfly bush"
"142","butterfly bush buddleia davidii"
"143","butterfly weed"
"144","butterfly weed (asclepias)"
"145","button bush"
"146","caesaipinia pulcherrima"
"147","caesaipinia pulcherrina"
"148","caesalpinia mexicaba"
"149","caesalpinia pulcherrim"
"150","caesalpinia pulcherrima"
"151","caesalpnia pulcherrina"
"152","calaminthe nepeta ssp. nepeta"
"153","calaminthe nepta ssp nepta"
"154","calaminthe nepta ssp. . nepta"
"155","calaminthenepeta ssp."
"156","calaminthenepeta ssp. nepe"
"157","calaminthenepeta ssp. nepeta"
"158","calaminthenepeta ssp. nepeta blue calamint"
"159","calamondin"
"160","calamondin tree"
"161","calliandra californica"
"162","callicarpa"
"163","callicarpa americana"
"164","callicarpa dichotoma"
"165","callirhoe"
"166","callistemon"
"167","callistemon citrinus"
"168","calylophus"
"169","calyloplus"
"170","calylopus"
"171","calyophus"
"172","calyoplus"
"173","calypoplus"
"174","calyptocarpus vialis"
"175","campisis radicans"
"176","campsis radican"
"177","campsis radicans"
"178","canna americanallis"
"179","canna americannalis"
"180","canna lily                  canna indica"
"181","canna lily        canna indica"
"182","canna x generalis"
"183","cantaloupe"
"184","cape honeysuckle"
"185","caryopteris"
"186","cat mint / zinnia / marigold"
"187","cat mint, amaranth, ross moss, milk weed"
"188","catharanthus roseus"
"189","catmint"
"190","catmont"
"191","catnip"
"192","caylophus"
"193","ceasaipinia pulcherrima"
"194","celosia"
"195","celosia plumosa"
"196","celosia spicata"
"197","celososia spicata"
"198","celtis laerigata"
"199","celtis laevigata"
"200","centaurea americana"
"201","centauria americana"
"202","centranthus rubrum"
"203","cephalanthus occidentalis"
"204","cephalanthus occidentalis"
"205","cestrum"
"206","cestrum aurantiacum 'orange zest'"
"207","chamaecrista fasciculata"
"208","chamaesyce nutans"
"209","charaecrista fasciculata"
"210","chaste tree"
"211","chilopsis"
"212","chilopsis linearis"
"213","chilopsis linearis 'monhews'"
"214","chrysanthemum"
"215","chrysanthemum x superbum"
"216","cirsium"
"217","cirsium engelmannii"
"218","cirsium texanum buckley"
"219","citharexylum berlandieri"
"220","citris mitis"
"221","citrus mitis"
"222","clasping coneflower rudbeckia amplexicaulis"
"223","clematis terniflora"
"224","cleodendrum"
"225","clover and tomatoes"
"226","cold hardy hibiscus"
"227","cold. hardy hibiscus"
"228","commelia"
"229","commelina"
"230","commelina communis"
"231","commelinia"
"232","commenlina"
"233","common sunflower"
"234","condominium greggii"
"235","cone flower"
"236","cone flower / cat mint / rose moss"
"237","coneflower"
"238","cono clinium greggii"
"239","conoclinim coelestinum"
"240","conoclinium coelestinum"
"241","conoclinium greggi"
"242","conoclinium greggii"
"243","conoclinoum greggi"
"244","conoclunium coelestinum"
"245","convolvulus arvensis"
"246","coreopis"
"247","coreopis tickseed"
"248","coreopsis"
"249","coreopsis asteracaeae"
"250","coreopsis lancealata"
"251","coreopsis lanceolata"
"252","coreopsis red and yellow"
"253","coreopsis tinctora"
"254","coreopsis verticillata zagreb"
"255","coreopsis verticillata zagreb tickseeds coreopsi"
"256","coreopsis verticillata zagreb tickseeds coreopsis"
"257","cosmos"
"258","cosmos bipinnatus"
"259","cosmos sulfurea"
"260","cosmos sulphureus"
"261","cowpen daisy"
"262","crape myrtle"
"263","crepe myrrle"
"264","crepe myrtle"
"265","crepe myrtle  lagerstroemia indica"
"266","crepe myrtle, milk weed, veronica, amaranth, rose moss"
"267","cucumber"
"268","cucumbers"
"269","cucumis melo"
"270","cucumis sativus"
"271","cucurbita"
"272","cucurbita pepo"
"273","cucurbita sp"
"274","cucurbita sp."
"275","cucurbits"
"276","cuphea hybrid"
"277","cuphea hyssopifolia"
"278","cuphea ignea"
"279","curassavica asclepias"
"280","curassivica asclepias"
"281","curcurbita pepo"
"282","dahlberg daisy (thymophylla tenuiloba)"
"283","daisy"
"284","dakota vervain"
"285","datura"
"286","datura   night blooming moon flower"
"287","datura wrightii"
"288","day lilly"
"289","day lily"
"290","daylily"
"291","delosperma"
"292","denver daisy"
"293","desert willow"
"294","dianthus barbatus"
"295","dicliptera"
"296","dill"
"297","dill weed"
"298","dillweed"
"299","dipladenia"
"300","dracopis"
"301","dracopis amplexicaulis"
"302","dracopsis"
"303","duranta"
"304","dusty miller"
"305","echinacea"
"306","echinacea	coneflower"
"307","echinacea coneflower purple exjina"
"308","echinacea magnus"
"309","echinacea magnus   purple coneflowe"
"310","echinacea magnus   purple coneflower"
"311","echinacea magnus purple coneflower"
"312","echinacea paradoxa"
"313","echinacea paradoxa y"
"314","echinacea paradoxa yellow coneflower"
"315","echinacea pupurea"
"316","echinacea purpea"
"317","echinacea purpura"
"318","echinacea purpurea"
"319","echinaceamagnus   purple coneflower"
"320","echiniacea"
"321","elm  ulmus"
"322","engelmania peristenia"
"323","engelmannia peristenia"
"324","engelmannia persisteina"
"325","engelmannia persistenia"
"326","english thyme"
"327","epipremnum aureum"
"328","erigeron"
"329","eriperon"
"330","eryngium"
"331","eryngium maritimum"
"332","eryngium yuccafolium"
"333","eryngium yuccifolium"
"334","esperanza"
"335","euonuymus"
"336","euonymus"
"337","eupatorium coelestinum"
"338","eupatorium dubium"
"339","eupatorium greggii"
"340","eupatorium serotinum"
"341","euphorbia cyathophora"
"342","euphorbia marginata"
"343","euphorbia nutans"
"344","eutrochium maculatum"
"345","evolvulus"
"346","eysenhardtia texana"
"347","fabaceae"
"348","fabaculata"
"349","fagopyrum esculentum"
"350","fan flower"
"351","farinacea salvia"
"352","fennel"
"353","firebush"
"354","flame acanthas"
"355","flame acanthus"
"356","foeniculum  vulgare"
"357","foeniculum hirta"
"358","foeniculum vulgare"
"359","foeniculum vulgare bronze fenne"
"360","foeniculum vulgare bronze fennel"
"361","foenuculum vulgare"
"362","four nerve daisy"
"363","frog fruit"
"364","gaillardia"
"365","gaillardia hybrid"
"366","gaillardia hybrid"
"367","gaillardia puchella"
"368","gaillardia pulchella"
"369","gaillardia pulchella	indian blanket"
"370","gaillardia pulcholla"
"371","gaillardia x grandiflora"
"372","gaillarida pulchella"
"373","gaillaridia pulchella"
"374","galardia"
"375","gallardia puchella"
"376","gallardia pulchella"
"377","gallardia suarvis"
"378","gallardia suavis"
"379","galphimia glauca"
"380","garden phlox"
"381","gaura"
"382","gaura linderheimeri"
"383","gaura lindheimer"
"384","gavra"
"385","gazania"
"386","gazania daisy"
"387","gazania dasisy"
"388","geranium"
"389","giandularia bipinnatifuda"
"390","gilia"
"391","gladiola, cat mint, veronica, amaranth, rose moss"
"392","gladiolus"
"393","gladularia"
"394","glandularia"
"395","glandularia bifinnatifida"
"396","glandularia bipinnatifida"
"397","glanularia"
"398","glavdularia"
"399","globe amaranth (gomphrena globosa)"
"400","goldenrod"
"401","goldenrod or ragweed"
"402","goldenrod?"
"403","goldenrod??"
"404","gomphrea"
"405","gomphrena"
"406","gomphrena globosa"
"407","great coneflower"
"408","green milkweed"
"409","greg’s mist"
"410","greg’s mist flower        conoclinium greggi"
"411","greg’s mist flower    conoclinium greggi"
"412","greg’s mist flower conoclinium greggi"
"413","gregg mist"
"414","gregg's mist"
"415","gregg's mist conoclinium greggii"
"416","gregg's mist flower"
"417","gregg’s kistflower"
"418","gregg’s mist"
"419","gregg’s mistflower"
"420","greggii mist"
"421","greggs mist"
"422","greggs mistflower"
"423","guara"
"424","guara linderheimeri"
"425","guara linderhemeri"
"426","guara lindheimeri"
"427","guara londeheomeri"
"428","guarantee lindheimer"
"429","guarantee lindheimeri"
"430","hall ardis pulcella"
"431","hameiia patens"
"432","hamelia paten"
"433","hamelia patens"
"434","hamelin patens"
"435","hamellia patens"
"436","hardy hibiscus"
"437","helianthus"
"438","helianthus annulus l"
"439","helianthus annulus l."
"440","helianthus annus"
"441","helianthus annuus"
"442","helianthus annuus l"
"443","helianthus annuus l."
"444","helianthus maximiliani"
"445","helinathus annuus"
"446","heliotropium amplexicaule"
"447","hemelua patens"
"448","hemerocallis"
"449","hemerocallis fulva"
"450","henry duelberg salvia"
"451","henry duelburg salvia"
"452","henry duhlberg salvia"
"453","hermerocallis"
"454","hesperaloe parviflora"
"455","hesperoaloe parviflora"
"456","hibiscus"
"457","hibiscus esculentas"
"458","hibiscus malevales"
"459","hibiscus malvales"
"460","hibiscus moscheutos"
"461","hibiscus mosheutos"
"462","hibiscus mutabilis"
"463","hibiscus syriacus"
"464","hibiscus syriacus"
"465","hibiscus syriacus rose of sharon"
"466","hollyhock"
"467","hollyhocks"
"468","honeysuckle"
"469","hosta"
"470","hummingbird mint (anisacanthus wrightii)"
"471","hybiscus syriacus"
"472","hybrid lantana"
"473","hybrid sali"
"474","hybrid saliva farinacea & longispicat"
"475","hybrid saliva farinacea & longispicata"
"476","hydrangea"
"477","hydrangea arborescens"
"478","hydrangea heteromalla"
"479","hydrangeas"
"480","hymenocallus liriosme"
"481","hymenonxys"
"482","hymenoptera"
"483","hymenosys"
"484","hymenoxys"
"485","hymeonxys"
"486","hymonoxys"
"487","hypericum"
"488","hypericum calycinum"
"489","hypericum perforatum"
"490","hyptis alata"
"491","hyssop"
"492","impatiens"
"493","indian blanket"
"494","indigo spires salvia"
"495","ipomoea"
"496","ipomoea trichocarpa"
"497","ipomopsis"
"498","ipomopsis rubra (l.) wherry"
"499","ipompisis rubra"
"500","ipompsis"
"501","iron weed"
"502","ironweed"
"503","irvine humilis"
"504","itea virginica"
"505","jasmine  fritteria"
"506","justica spicata"
"507","justica spicigera"
"508","justicia spicigera"
"509","knock out rose"
"510","lagerstoemia"
"511","lagerstroemia"
"512","lagerstroemia  crepe myrtle"
"513","lagerstroemia crepe myrtle"
"514","lagerstroemia indica"
"515","lagerstroemia indica x"
"516","lagerstroemia indica x faueri"
"517","lagerstroemia indica x faurei"
"518","lagerstroemia indica x fauriei"
"519","lagerstroemia speciosa"
"520","lagerstrolemia indica"
"521","lagerstromia"
"522","lagerstromia indica"
"523","laitris, cat mint, cone flower, basil, milk weed"
"524","laitris, cone flower, milk weed"
"525","lamiaceae"
"526","lantan"
"527","lantan urticoides"
"528","lantana"
"529","lantana camara"
"530","lantana camara 'carnival'"
"531","lantana camara 'new gold'"
"532","lantana camata"
"533","lantana camera 'carnival'"
"534","lantana dallas re"
"535","lantana dallas red"
"536","lantana depressa"
"537","lantana horrida"
"538","lantana montevidensis"
"539","lantana purple lavender"
"540","lantana sp"
"541","lantana sp."
"542","lantana spp."
"543","lantana urticoides"
"544","lantana verbenaceae"
"545","lantana verbenas"
"546","lantana x hibrid"
"547","lantana x hybrida"
"548","lantana x urticoides"
"549","lantanacsmara"
"550","larkspur"
"551","larkspur delphinium"
"552","latris spicata"
"553","lavandula sp."
"554","lavendar"
"555","lavendula agustifolia"
"556","lemon balm"
"557","leucanthemum × superbum"
"558","leucanthemum × superbum  becky shasta daisy"
"559","leucophyllium frutescens"
"560","leucophyllum frustescens"
"561","leucophyllum frutenscens"
"562","leucophyllum frutescans"
"563","leucophyllum frutescens"
"564","leucophyllum frutesens"
"565","leucophyllum fruy"
"566","leucophylum fruticens"
"567","leucopyllum frutenscens"
"568","liatris"
"569","liatris  spicata"
"570","liatris pycnostachya"
"571","lilium formosanum"
"572","linnaea grandflora"
"573","linnaea grandiflora"
"574","linnaea x grandiflora"
"575","liriope muscari"
"576","liriope spicata"
"577","lobularia maritima"
"578","lonicera sempervirens"
"579","lupine"
"580","lupinus"
"581","lytherum californicum"
"582","lythrum alatum"
"583","magnolia grandiflora"
"584","mal vaviscusarboreus"
"585","malavavicus arboreus"
"586","malavaviscus arboreus"
"587","malavicus arboreus"
"588","malcaviscus arboreus drummondii"
"589","malpighia pucifolia"
"590","malpighia punicifolia"
"591","malva sylvestris"
"592","malvaavicus arboreus"
"593","malvales"
"594","malvavicus arboreus"
"595","malvaviscus arboreous"
"596","malvaviscus arboreus"
"597","malvaviscus arboreus drummondii"
"598","malvaviscus arboreus var. drummondii"
"599","malvaviscus drummondi"
"600","malvaviscus drummondii"
"601","malvavisus arboretums"
"602","malvavisus arboreus"
"603","malviscus drummondi"
"604","mandevilla"
"605","marigold"
"606","marigold, squash, cone flower, verbenia"
"607","maximilliion sunflower"
"608","maximillion sunflower"
"609","maxmillion sunflower"
"610","me that spicata"
"611","meadow sage"
"612","mealy sage"
"613","mel’s podium leucan"
"614","melampodium leucantha"
"615","melampodium leucantheum"
"616","melampodium leucanthum"
"617","melanpodium leucanthum"
"618","melanthera nivea"
"619","melilotus albus"
"620","melilotus albus 	white sweet clover"
"621","melissa officinalis"
"622","melts cataria"
"623","mentha"
"624","mentha spicata"
"625","mentha w"
"626","mentha x piperita"
"627","mexican  bush sage"
"628","mexican bush sage"
"629","mexican heather"
"630","mexican milkweed"
"631","mexican oregano"
"632","mexican petunia"
"633","mexican sunflower"
"634","mexican sunflower! tithonia"
"635","mglois2012@gmail.com"
"636","milk weed, amaranth, rose moss, basil"
"637","milk weed, amaranth, veronica, rose moss"
"638","milk weed, cat mint, basil, rose moss"
"639","milk weed, cat mint, rose moss, amaranth"
"640","milk weed, false vervain, veronica, rose moss, amaranth"
"641","milk weed, rose moss, basil, amaranth"
"642","milk weed, rose moss, basil, amaranth, veronica"
"643","milk weed, rose moss, veronica, amaranth, false vervain"
"644","milkweed"
"645","milkweed (asclepia tuberosa)"
"646","milkweed asclepius tuberosa"
"647","milkweed, asclepias tuberosa"
"648","milkweek"
"649","mimosa pudica"
"650","mimosa pudica (sensitive vine)"
"651","mimosa pudica sensitive plant vine"
"652","mint"
"653","mirabilis jalapa"
"654","mirabilus jalapa"
"655","mistflower"
"656","mistflower--i may have the west texas species"
"657","mon bee balm"
"658","monarda"
"659","monarda bergamot"
"660","monarda citriodora"
"661","monarda citriodora	bee balm"
"662","monarda citriodors"
"663","monarda cotriodora"
"664","monarda di dyma l."
"665","monarda didyma"
"666","monarda didyma l."
"667","monarda dyma l bee balm"
"668","monarda dyma l."
"669","monarda dyma l.  balm"
"670","monarda dyma l. balm"
"671","monarda dyma l. red"
"672","monarda dyma l. red wines berry bee bal"
"673","monarda dyma l. red wines berry bee balm"
"674","monarda dyma lee balm"
"675","monarda fistulosa"
"676","monarda media"
"677","monarda punctata"
"678","monarda/bee balm"
"679","mondara"
"680","monorda citriodora"
"681","monordo citriodora"
"682","moon vine"
"683","morning glory"
"684","mountain mint"
"685","mpnarda punctata"
"686","myrica cerifera"
"687","mystic spires improved salvia"
"688","nandina"
"689","nandina domestica"
"690","nepeta"
"691","nepeta cataria"
"692","nepeta hubrid"
"693","nepeta x faassenii"
"694","nepeta x faassenii '"
"695","nepeta x faassenii 'walker's low' catnap"
"696","nepeta x faassenii."
"697","nepeta x faassenii.h nepeta x faassenii."
"698","new gold lantana"
"699","no sure"
"700","none"
"701","obedient plant"
"702","ocimum basilicum"
"703","oenothera lindheimeri"
"704","oenothera speciosa"
"705","oenothora lindheimeri"
"706","okra"
"707","oleander"
"708","onagraceae gaura"
"709","onoclinium greggi"
"710","or others lindheimer"
"711","or others lindheimere"
"712","oregano"
"713","oregano (common)"
"714","origanum sp?"
"715","origanum sp."
"716","origanum vulgare"
"717","origanun vulgare"
"718","osteospermum"
"719","p. lanceolata"
"720","pansies (viola)"
"721","pantas lanceolata"
"722","paradoxa yellow coneflower"
"723","parsley"
"724","parsley flat leaf"
"725","partridge  pea legume fabacaeae"
"726","partridge pea"
"727","passiflora"
"728","passiflora caerulea"
"729","passiflora foe"
"730","passiflora foetida"
"731","passiflora incarnata"
"732","passiflora ssp."
"733","passioflora incarnata"
"734","passion vine"
"735","passionvine"
"736","pavona lasiopetala"
"737","pavonia lasiopetala"
"738","pavonia lasiopetalia"
"739","pavonia lasioptala"
"740","penstemon digitalis"
"741","penstemon serralatus"
"742","penta"
"743","penta lancelota"
"744","pentas"
"745","pentas                 pentas lanceolata"
"746","pentas       pentas lanceolata"
"747","pentas lanceolata"
"748","pentas lanceolata tall heirloom"
"749","pentas lanceolata tall heirloom pent"
"750","pentas lanceolata tall heirloom penta"
"751","pentas lanceolata tall heirloom penta   portulaca oleracea"
"752","pentas lanceolata tall red penta"
"753","pentax lanceolata"
"754","periwinkle"
"755","perovskia artiplicifolia"
"756","perovskia atripl"
"757","perovskia atriplicifolia"
"758","perovskia atriplicifolia russian sage"
"759","perovskites atriplicifolia"
"760","petrosclinum crispum"
"761","petroselinum crispum"
"762","petunia"
"763","phacelia congesta"
"764","phlox"
"765","phlox divaricata"
"766","phlox garden"
"767","phlox paniculata"
"768","phlox paniculata '"
"769","phlox paniculata 'john fanick'"
"770","phlox paniculata 'robert"
"771","phlox paniculata 'robert poore"
"772","phlox paniculata 'robert poore'"
"773","phlox paniculata 'texas pink'"
"774","phlox paniculata john fanick"
"775","phlox paniculata'"
"776","phlox paniculate"
"777","phlox panniculata"
"778","phlox panniculta robert p"
"779","phlox panniculta robert poor"
"780","phyla nodiflora"
"781","phyla nodifora"
"782","physostegia"
"783","physostegia virginiana"
"784","phytolacca"
"785","pin cushion"
"786","pink canna"
"787","pink guara"
"788","pink lady oenothera speciosa"
"789","pink turks  cap"
"790","plantain"
"791","plantain - banana"
"792","plantain (bananas)"
"793","plantain banana"
"794","plantain bananas"
"795","plantain no 2"
"796","plantains - bananas"
"797","plantsin"
"798","platycodon grandiflora"
"799","plectranthus scutellarioides"
"800","plumaria"
"801","plumbago"
"802","plumbago ariculata"
"803","plumbago auriculalta"
"804","plumbago auriculata"
"805","polanisia dodecandra"
"806","polansia dodecandra"
"807","poliomintha longiflora"
"808","porter weed"
"809","porterweed"
"810","portulaca"
"811","portulaca grandiflora"
"812","portulaca oleracea"
"813","portulaca oleracea  sunrise portulaca"
"814","portulaca oleraceae"
"815","portulacoleracea  sunrise portulaca"
"816","potted chrysanthemum"
"817","ppjhx anniculata"
"818","prairie gaillardia"
"819","prairie liatris"
"820","pride of barbados"
"821","pride of barbafos"
"822","profusion zonnoa"
"823","prosopis glandulosa"
"824","prospopis glandulosa"
"825","purple basil"
"826","purple bean hyacinth"
"827","purple coneflower"
"828","purple hyacinth bean"
"829","purple skullcap"
"830","purslane"
"831","pycnanthemum muticum"
"832","quercus indica"
"833","quercus virginana"
"834","quercus virginiana"
"835","ragweed/goldenrod/?"
"836","ratibida columnifera"
"837","ratibida pinnata"
"838","rattle snake master"
"839","rddlincoln@gmail.com"
"840","red and yellow coreopsis"
"841","red yucca"
"842","resselia equisetiformis"
"843","reullia brittoniana"
"844","rinyonii nudiflora"
"845","rivina humilis"
"846","rock rose"
"847","rocket trumpet"
"848","rosa"
"849","rosa 'martha gonzalos'"
"850","rosa multiflora"
"851","rose"
"852","rose creek abelia"
"853","rose of sharon"
"854","rose pavonia"
"855","rose, cultivated"
"856","rosemarinas officinalis var. prostratus"
"857","rosmarinaqs officinalis var. prostratus"
"858","rosmarinas officinalis var prostratus"
"859","rosmarinas officinalis var. prostratus"
"860","rosmarinas officinalis, var. prostratus"
"861","rosmarinus prostratus"
"862","rubeckia"
"863","rubeckia hirta"
"864","rubeckia lacinata"
"865","rubin’s humilis"
"866","rudbeciak 'goldsturm"
"867","rudbeciak 'goldsturm'"
"868","rudbeciak 'goldsturm' black eyed susa"
"869","rudbeciak 'goldsturm' black eyed susan"
"870","rudbeckia"
"871","rudbeckia 'herbstsonne'"
"872","rudbeckia fulgida"
"873","rudbeckia fulgida sullivantii 'goldsturm'"
"874","rudbeckia goldstrum"
"875","rudbeckia hirta"
"876","rudbeckia hirta	black-eyed susan"
"877","rudbeckia hirta black eyed susan"
"878","rudbeckia laciniata"
"879","rudbeckia triloba"
"880","rudebecia"
"881","rudebeckia goldenstrom"
"882","rudebekia goldenstrom"
"883","rudibeckia hirta"
"884","ruebeckia hirta"
"885","ruella"
"886","ruella nudiflora"
"887","ruellia"
"888","ruellia brittoniana"
"889","ruellia brittonnia"
"890","ruellia hirta"
"891","ruellia nudiflora"
"892","rullia"
"893","runonii nudiflora"
"894","russelia brittoniana"
"895","russelia equisetiformis"
"896","russelia equisetiformis was"
"897","russelia equistiformis"
"898","russian sage"
"899","russian sage perovskia atriplicifolia"
"900","sage"
"901","sage perovskia atriplicifolia"
"902","saivia hybrid"
"903","saliva horrida"
"904","saliva yuckii"
"905","sallvia balsalmisp"
"906","salvia"
"907","salvia 'mystic spires'"
"908","salvia amistad"
"909","salvia azurea var grandiflora"
"910","salvia azurea var. grandiflora"
"911","salvia azurea var. grandiflota"
"912","salvia balsalmisp"
"913","salvia balsalmsp"
"914","salvia coccinea"
"915","salvia coccinia"
"916","salvia cocinea"
"917","salvia divinorum"
"918","salvia farinace"
"919","salvia farinacea"
"920","salvia farinacea  x longispicata"
"921","salvia farinacea c longispicata"
"922","salvia farinacea longispicata"
"923","salvia farinacea mealy blue dage"
"924","salvia farinacea x longispicata"
"925","salvia farinacea)"
"926","salvia farincea"
"927","salvia gregg hummingbird min"
"928","salvia gregg hummingbird mint"
"929","salvia greggi"
"930","salvia greggi “balmirbur” ppaf"
"931","salvia greggii"
"932","salvia greggii lipstick"
"933","salvia greggli"
"934","salvia gregii"
"935","salvia guaranitica"
"936","salvia guaranitica  asclepias incarnata"
"937","salvia henry duelberg"
"938","salvia hybrid"
"939","salvia leucantha"
"940","salvia leucanthus"
"941","salvia longispicata x farinacea"
"942","salvia longispicata x s. farinacea"
"943","salvia longispicata x. s. farinacea"
"944","salvia longispicata x. s.farinacea"
"945","salvia longispicota x farinacea"
"946","salvia nemorosa"
"947","salvia nemorsa"
"948","salvia nemrosa"
"949","salvia pratensis"
"950","salvia russian sage"
"951","salvia sylvestris"
"952","salvia sylvestris '"
"953","salvia sylvestris 'may night'"
"954","salvia sylvestris may night"
"955","salvia sylvestris may nighti"
"956","salvia x sylvestris"
"957","salvia x sylvestris '"
"958","salvia x sylvestris ' ."
"959","salvia x sylvestris ' .may night"
"960","salvia x sylvestris '' ."
"961","salvia x sylvestris 'may night"
"962","salvia x sylvestris 'may night'"
"963","salvia x sylvestris 'may night' ."
"964","salvia, henry duelberg"
"965","salvis balsalmisp"
"966","sambucus nigra ssp. canadensis"
"967","santolina chamaecyparissus"
"968","santolina virens"
"969","sapindus drummondii"
"970","savia longispicata x s. farinacea"
"971","scabiosa"
"972","scabiosa columbaria"
"973","scaevola aemula"
"974","scarlet sage"
"975","scobiosa"
"976","scultellaria sp."
"977","scutellaria sp."
"978","sedum rupestre"
"979","sharp pod morning glory"
"980","shasta daisy"
"981","silphium"
"982","silphium gracile"
"983","silphium perfoliatum"
"984","silplium gracile"
"985","skullcap"
"986","solanum"
"987","sorghum bicolor"
"988","spanish needle"
"989","spearmint bloom"
"990","spiderwort,tradescantia pallida"
"991","spiraea japonica"
"992","spirea"
"993","spirea japonica"
"994","squash blossom, marigold, cat mint, gailardia"
"995","squash blossom, marigold, gailardia, cat mint"
"996","squash blossoms, marigold, gailordia"
"997","stachys"
"998","stachys byzantina"
"999","stachys byzantine 'big ears'"
"1000","stachytarphata jamaicensis"
"1001","stachytarpheta"
"1002","stachytarpheta frantzil"
"1003","stokesia laev"
"1004","stokesia laevi"
"1005","stokesia laevi stoked aster"
"1006","stokesia laevis"
"1007","summer  phlox panniculata"
"1008","summer garden phlox phlox panniculata"
"1009","summer phlox phlox panniculta"
"1010","sunflower"
"1011","sunflower yellow"
"1012","sunrise portulaca"
"1013","swamp milkweed"
"1014","sweet almond"
"1015","sweet basil"
"1016","sylvia greggii"
"1017","tacoma stans"
"1018","tagetes"
"1019","tagetes:"
"1020","talinum paniculatum"
"1021","tall red canna"
"1022","targetes"
"1023","tecoma capensis"
"1024","tecoma stans"
"1025","tecoma. capensis"
"1026","test test"
"1027","teucrium canadense"
"1028","teucrium canadense	american germander"
"1029","texas betony"
"1030","texas lantana"
"1031","texas sage"
"1032","texcoma stans"
"1033","thai basil"
"1034","thelesperma burridgeanum"
"1035","thryalis"
"1036","thymus"
"1037","thymus serpyllum"
"1038","thymus vulgaris"
"1039","tickseed"
"1040","tickseed/coreopsis"
"1041","tithonia"
"1042","tithonia diversifolia"
"1043","tithonia rotundifolia"
"1044","tradescantia pallida"
"1045","trifolium repens"
"1046","tropical butterfly weed"
"1047","tropical milk weed	asclepias curassavica"
"1048","tropical milk weed               asclepias curassavica"
"1049","tropical passionvine"
"1050","trumpet  vine campsis radicans"
"1051","tuberous begonia"
"1052","turk’s cap"
"1053","turk’s cap malvaviscus arboreus var. drummond"
"1054","turkey cap malvaviscus arboreus"
"1055","turkey cap red malvaviscus arboreus"
"1056","turks cap"
"1057","udbeciak 'goldsturm'"
"1058","unknown"
"1059","vebena"
"1060","verbena"
"1061","verbena bonariensis"
"1062","verbena encelioides"
"1063","verbena peruviana"
"1064","verbena stricta"
"1065","verbenacae"
"1066","verbenaceae"
"1067","verbesina encelioiddes"
"1068","verbesina encelioides"
"1069","vernon is missurica"
"1070","vernon is missurics"
"1071","vernonia baldwinii"
"1072","vernonia missurica"
"1073","vernonia noveboracensis"
"1074","veronia baldwinii"
"1075","veronica"
"1076","veronica longifolia"
"1077","veronica, cat mint, laitris, gladiola"
"1078","veronicia, rose moss, gladiola, cat mint"
"1079","viguiera stenoloba"
"1080","viguiera stenolobo"
"1081","vinca"
"1082","vinca sp"
"1083","vinca sp."
"1084","viola"
"1085","vitex"
"1086","vitex agnus - castus"
"1087","vitex agnus castus"
"1088","vitex agnus-castus"
"1089","vitex angus-castus"
"1090","vitex hi"
"1091","vitex tree"
"1092","voted agnus-castus"
"1093","wandering jew purple heart"
"1094","wedelia acapulcensis"
"1095","wedelia acapulcensis var. hispidia"
"1096","wedelia texana"
"1097","wedilia texana"
"1098","western sunflower"
"1099","western sunflowers"
"1100","white guara"
"1101","white shasta daisy becky leucanthemum x superbum, becky"
"1102","wild bee balm -monarda"
"1103","wild helianthus annuus"
"1104","wild monarda"
"1105","wild monarda / bee balm"
"1106","winecup"
"1107","wisteria floribunda"
"1108","wood sorrel"
"1109","x phlox panniculata"
"1110","xexmenia"
"1111","yellow & red coreopsis"
"1112","yellow wingstem"
"1113","zennia"
"1114","zexmeinia"
"1115","zexmenia"
"1116","zexmenia hispida"
"1117","zinnia"
"1118","zinnia / cat mint / marigold"
"1119","zinnia elegans"
"1120","zinnia haageana"
"1121","zinnia hybrida 'profusion'"
"1122","zinnia peruviana"
"1123","zinnias"
"1124","zinnias                      zinnia elegans"
"1125","zinnias       zinnia elegans"
